<?xml version="1.0" encoding="utf-8"?>
<!DOCTYPE hibernate-mapping PUBLIC "-//Hibernate/Hibernate Mapping DTD 3.0//EN"
"http://hibernate.sourceforge.net/hibernate-mapping-3.0.dtd">

<hibernate-mapping>
    <class name="org.newboy.entity.Citizen1" table="CITIZEN" schema="SCOTT">
        <id name="id" type="java.lang.Integer">
            <column name="ID" precision="6" scale="0" />
            <generator class="assigned"></generator>
        </id>
        <property name="name" type="java.lang.String">
            <column name="NAME" length="30" not-null="true" />
        </property>
        <property name="age" type="java.lang.Integer">
            <column name="AGE" precision="3" scale="0" not-null="true" />
        </property>
        <property name="gender" type="java.lang.String">
            <column name="GENDER" length="2" />
        </property>
        <property name="address" type="java.lang.String">
            <column name="ADDRESS" length="200" />
        </property>
 <one-to-one name="idCard" class="org.newboy.entity.IDCard1" property-ref="citizen1"></one-to-one>
    </class>
</hibernate-mapping>

