<?xml version="1.0" encoding="utf-8"?>
<!DOCTYPE hibernate-mapping PUBLIC "-//Hibernate/Hibernate Mapping DTD 3.0//EN"
"http://hibernate.sourceforge.net/hibernate-mapping-3.0.dtd">

<hibernate-mapping>
    <class name="org.newboy.entity.IDCard2" table="IDCARD2" schema="SCOTT">
        <id name="id" type="java.lang.Integer">
            <column name="ID" precision="6" scale="0" />
            <generator class="assigned"></generator>
        </id>
        <property name="idno" type="java.lang.String">
            <column name="IDNO" length="18" not-null="true" />
        </property>
 <one-to-one name="citizen2" class="org.newboy.entity.Citizen2" cascade="all"/>
    </class>
</hibernate-mapping>

