<?xml version="1.0" encoding="utf-8"?>
<!DOCTYPE hibernate-mapping PUBLIC "-//Hibernate/Hibernate Mapping DTD 3.0//EN"
"http://hibernate.sourceforge.net/hibernate-mapping-3.0.dtd">

<hibernate-mapping>
    <class name="org.newboy.entity.IDCard1" table="IDCARD" schema="SCOTT">
        <id name="id" type="java.lang.Integer">
            <column name="ID" precision="6" scale="0" />
            <generator class="assigned"></generator>
        </id>
	<many-to-one name="citizen1" class="org.newboy.entity.Citizen1"
		column="cid" unique="true" cascade="all"/>
        <property name="idno" type="java.lang.String">
            <column name="IDNO" length="18" not-null="true" />
        </property>
    </class>
</hibernate-mapping>
