<?xml version="1.0" encoding="utf-8"?>
<!DOCTYPE hibernate-mapping PUBLIC "-//Hibernate/Hibernate Mapping DTD 3.0//EN"
"http://hibernate.sourceforge.net/hibernate-mapping-3.0.dtd">
<!-- 
    Mapping file autogenerated by MyEclipse Persistence Tools
-->
<hibernate-mapping>
    <class name="cn.e307.hiber.entity.Resume2" table="RESUME2" schema="JBIT">
        <id name="resid" type="java.lang.Integer">
            <column name="RESID" precision="6" scale="0" />
            <generator class="assigned"></generator>
        </id>
        <property name="resname" type="java.lang.String">
            <column name="RESNAME" length="20" not-null="true" />
        </property>
        <property name="rescardno" type="java.lang.String">
            <column name="RESCARDNO" length="20" not-null="true" />
        </property>
        <one-to-one name="users2" class="cn.e307.hiber.entity.Users2" cascade="all"></one-to-one>
    </class>
</hibernate-mapping>
