<?xml version="1.0" encoding="utf-8"?>
<!DOCTYPE hibernate-mapping PUBLIC "-//Hibernate/Hibernate Mapping DTD 3.0//EN"
"http://hibernate.sourceforge.net/hibernate-mapping-3.0.dtd">
<!-- 
    Mapping file autogenerated by MyEclipse Persistence Tools
-->
<hibernate-mapping>
    <class name="cn.e307.hiber.entity.Users2" table="USERS2" schema="JBIT">
        <id name="userid" type="java.lang.Integer">
            <column name="USERID" precision="6" scale="0" />
            <generator class="foreign">
            	<param name="property">resume2</param>
            </generator>
        </id>
        <one-to-one name="resume2" class="cn.e307.hiber.entity.Resume2" constrained="true"></one-to-one>
        <property name="username" type="java.lang.String">
            <column name="USERNAME" length="20" not-null="true" />
        </property>
        <property name="userpass" type="java.lang.String">
            <column name="USERPASS" length="20" not-null="true" />
        </property>
    </class>
</hibernate-mapping>
