<?xml version="1.0" encoding="UTF-8"?>
<beans xmlns="http://www.springframework.org/schema/beans"
	xmlns:xsi="http://www.w3.org/2001/XMLSchema-instance" xmlns:p="http://www.springframework.org/schema/p"
	xsi:schemaLocation="http://www.springframework.org/schema/beans http://www.springframework.org/schema/beans/spring-beans-2.5.xsd">

	<!-- 定义数据源 -->
	<bean id="dataSource" class="org.apache.commons.dbcp.BasicDataSource">
		<property name="driverClassName" value="oracle.jdbc.OracleDriver">
		</property>
		<property name="url" value="jdbc:oracle:thin:@localhost:1521:orcl"></property>
		<property name="username" value="system" />
		<property name="password" value="abc" />
	</bean>

	<!-- 配置sessionFactory -->
	<bean id="mysessionFactory"
		class="org.springframework.orm.hibernate3.LocalSessionFactoryBean">
		<property name="dataSource">
			<!-- 引用以上定义好的数据源 -->
			<ref bean="dataSource" />
		</property>
		<!-- hibernate所有属性的配置 -->
		<property name="hibernateProperties">
			<props>
				<prop key="hibernate.dialect">
					org.hibernate.dialect.Oracle10gDialect 
                 </prop>
				<prop key="hibernate.show_sql">true</prop>
			</props>
		</property>
		<property name="mappingResources">
			<value>org/newboy/entity/Dept.hbm.xml</value>
		</property>
	</bean>

	<!--将sessionFactory注入到DeptDaoSupportImpl -->
	<bean id="deptDao" class="org.newboy.dao.impl.DeptDaoSupportImpl">
		<property name="sessionFactory" ref="mysessionFactory" />
	</bean>

	<!-- 整合hibernate3事务管理的类 -->
	<bean id="myTxManager"
		class="org.springframework.orm.hibernate3.HibernateTransactionManager">
	</bean>
   <!-- 整合hibernate4事务管理的类 -->
	<bean id="myTxManager4"
		class="org.springframework.orm.hibernate4.HibernateTransactionManager">
	</bean>
   

	<bean id="deptService" class="org.newboy.service.impl.DeptServiceImpl">
		<property name="deptDao" ref="deptDao" />
        <!-- 将事务管理类注入到业务层 -->
		<property name="transactionTemplate" ref="myTxManager4" />
	</bean>


</beans>