<?xml version="1.0" encoding="UTF-8"?>
<beans xmlns="http://www.springframework.org/schema/beans"
	xmlns:xsi="http://www.w3.org/2001/XMLSchema-instance" xmlns:aop="http://www.springframework.org/schema/aop"
	xmlns:tx="http://www.springframework.org/schema/tx"
	xsi:schemaLocation="
http://www.springframework.org/schema/beans
http://www.springframework.org/schema/beans/spring-beans-3.0.xsd
http://www.springframework.org/schema/tx
http://www.springframework.org/schema/tx/spring-tx-3.0.xsd
http://www.springframework.org/schema/aop
http://www.springframework.org/schema/aop/spring-aop-3.0.xsd">
	<!-- 定义数据源 -->
	<bean id="dataSource" class="org.apache.commons.dbcp.BasicDataSource">
		<property name="driverClassName" value="oracle.jdbc.OracleDriver">
		</property>
		<property name="url" value="jdbc:oracle:thin:@localhost:1521:orcl"></property>
		<property name="username" value="system" />
		<property name="password" value="abc" />
	</bean>

	<!-- 配置sessionFactory -->
	<bean id="mysessionFactory"
		class="org.springframework.orm.hibernate3.LocalSessionFactoryBean">
		<property name="dataSource">
			<!-- 引用以上定义好的数据源 -->
			<ref bean="dataSource" />
		</property>
		<!-- hibernate所有属性的配置 -->
		<property name="hibernateProperties">
			<props>
				<prop key="hibernate.dialect">
					org.hibernate.dialect.Oracle10gDialect 
                 </prop>
				<prop key="hibernate.show_sql">true</prop>
			</props>
		</property>
		<property name="mappingResources">
			<value>org/newboy/entity/Dept.hbm.xml</value>
		</property>
	</bean>

	<!--将sessionFactory注入到DeptDaoSupportImpl -->
	<bean id="deptDao" class="org.newboy.dao.impl.DeptDaoSupportImpl">
		<property name="sessionFactory" ref="mysessionFactory" />
	</bean>

	<!-- 整合hibernate3事务管理的类 -->
	<bean id="myTxManager"
		class="org.springframework.orm.hibernate3.HibernateTransactionManager">
		<property name="sessionFactory" ref="mysessionFactory" />
	</bean>
	<!-- 整合hibernate4事务管理的类 -->
	<bean id="myTxManager4"
		class="org.springframework.orm.hibernate4.HibernateTransactionManager">
		<property name="sessionFactory" ref="mysessionFactory" />
	</bean>

	<aop:config>
		<aop:pointcut id="deptServiceMethods"
			expression="execution(* org.newboy.service.DeptService.*(..))" />
		<aop:advisor advice-ref="txAdvice" pointcut-ref="deptServiceMethods" />
	</aop:config>
	<tx:advice id="txAdvice" transaction-manager="myTxManager">
		<tx:attributes>
			<!-- 以下以save方法开头的必须要求事务 -->
			<tx:method name="save*" propagation="REQUIRED" />
			<!--
				对某些方法要求在一个新事务中 <tx:method name="get*" propagation="REQUIRES_NEW"/>
			-->
			<!-- 除以上的方法外,其他方法支持事务,并且只读 -->
			<tx:method name="*" propagation="SUPPORTS" read-only="true" />
		</tx:attributes>
	</tx:advice>


	<bean id="deptService" class="org.newboy.service.impl.DeptServiceImpl">
		<property name="deptDao" ref="deptDao" />
		<!-- 将事务管理类注入到业务层 -->
		<property name="transactionManager" ref="myTxManager" />
	</bean>


</beans>