<?xml version="1.0" encoding="utf-8"?>
<!DOCTYPE hibernate-mapping PUBLIC "-//Hibernate/Hibernate Mapping DTD 3.0//EN"
"http://hibernate.sourceforge.net/hibernate-mapping-3.0.dtd">
<!-- Mapping file autogenerated by MyEclipse Persistence Tools -->
<hibernate-mapping>
	<class name="cn.e307.hiber.entity.Emp" table="EMP" schema="JBIT">
		<cache usage="read-write" />
		<id name="empno" type="java.lang.Long" >
			<column name="EMPNO" precision="10" scale="0" />
			<!-- <generator class="sequence">
				<param name="sequence">seq_id</param>
			</generator>
			 -->
			<generator class="native"></generator>
		</id>
		<many-to-one name="dept" class="cn.e307.hiber.entity.Dept"
			fetch="select" lazy="proxy">
			<column name="DEPTNO" precision="3" scale="0" />
		</many-to-one>
		<property name="ename" type="java.lang.String">
			<column name="ENAME" length="510" />
		</property>
		<property name="job" type="java.lang.String">
			<column name="JOB" length="510" />
		</property>
		<property name="sal" type="java.lang.Double">
			<column name="SAL" precision="126" scale="0" />
		</property>
		<property name="hiredate" type="java.util.Date">
			<column name="HIREDATE" length="11" />
		</property>

	</class>

	<!-- CDATA xml文档的一种数据类型    原样解释数据 -->
	<query name="findEmpByJob">
	    <![CDATA[
	    from Emp e where e.job < :job
	    
	    ]]>
	</query>

	<sql-query name="selectEmpByJob">
	
		<return alias="e" class="cn.e307.hiber.entity.Emp" />
		select {e.*} from EMP e where e.job = :job
	</sql-query>

	<sql-query name="selectEmpByJobJoinDept">
		<return alias="e" class="cn.e307.hiber.entity.Emp" />
		<return-join alias="d" property="e.dept"></return-join>
		select {e.*},{d.*} from EMP e inner join DEPT d on d.DEPTNO=e.DEPTNO where
		e.JOB = :job
	</sql-query>


</hibernate-mapping>
