<?xml version="1.0" encoding="UTF-8" ?>
<!DOCTYPE struts PUBLIC "-//Apache Software Foundation//DTD Struts Configuration 2.1//EN" "http://struts.apache.org/dtds/struts-2.1.dtd">
<struts>
		
	<constant name="struts.devMode" value="true" />
	
	<package name="userPackage" namespace="/" extends="struts-default">
		<!-- class不再用实际的类名,而是用action在spring中的bean id -->
		<action name="login" class="userAction">
			<result name="success">/loginSuccess.jsp</result>
			<result name="fail">/loginFail.jsp</result>
		</action>
		
	</package>
	
	
	
</struts>    
