<?xml version="1.0" encoding="UTF-8" ?>
<!DOCTYPE struts PUBLIC "-//Apache Software Foundation//DTD Struts Configuration 2.1//EN" "http://struts.apache.org/dtds/struts-2.1.dtd">
<struts>
	<constant name="struts.ui.theme" value="simple"></constant>
	
	<!-- 通过constant元素配置Struts2属性，中文编码是UTF-8 -->
	<constant name="struts.i18n.encoding" value="UTF-8"></constant>
	
	<constant name="struts.enable.DynamicMethodInvocation" value="false"></constant>
	
	<constant name="struts.multipart.maxSize" value="3097152" />
	
	<constant name="struts.custom.i18n.resources" value="message"></constant>

	<!-- 创建my_default包，继承Struts2的 struts-default包 -->
	<package name="my_default1"  extends="struts-default">
		<!-- 定义用户拦截器 -->
		<interceptors>
			<!-- 定义用户权限验证拦截器 -->
			<interceptor name="auth"
				class="cn.e307.mvc.interceptor.AuthenticInterceptor" />
			<!-- 重新定义应用的默认拦截器栈 -->
			<interceptor-stack name="myDefaultStack">
				<!-- 权限验证拦截器 -->
				<interceptor-ref name="auth" />
				<!-- 原框架提供的默认拦截器栈 -->
				<interceptor-ref name="defaultStack" />
			</interceptor-stack>
		</interceptors>
		
		<default-action-ref name="hello"/>
		
		<default-interceptor-ref name="myDefaultStack"/>

		<global-results>
			<result name="login">login.jsp</result>
		</global-results>

		<!-- hello是访问HelloAction的访问名 -->
		<action name="hello" class="cn.e307.mvc.action.HelloAction">
			<!-- 结果为info时，跳转至helloWorld.jsp页面 -->
			<result name="success" >helloWorld.jsp</result>
		</action>

		<action name="*Action" class="cn.e307.mvc.action.HelloAction"
			method="{1}">
			<result name="success">helloWorld.jsp</result>
		</action>

		<action name="addAction" class="cn.e307.mvc.action.HelloAction"
			method="add">
			<result name="success">helloWorld.jsp</result>
		</action>
		<action name="deleteAction" class="cn.e307.mvc.action.HelloAction"
			method="delete">
			<result name="success">helloWorld.jsp</result>
		</action>
		<action name="updateAction" class="cn.e307.mvc.action.HelloAction"
			method="update">
			<result name="success">helloWorld.jsp</result>
		</action>

		<action name="login" class="cn.e307.mvc.action.UserAction">
			<interceptor-ref name="defaultStack" />
			<result name="success">success.jsp</result>
			<result name="error">fail.jsp</result>
			<result name="input">login.jsp</result>
		</action>

		<action name="list" class="cn.e307.mvc.action.ListAction">
			<result name="success">list.jsp</result>
			<!-- 原框架提供的默认拦截器栈 -->
			<interceptor-ref name="defaultStack" />
			<!-- 权限验证拦截器 -->
			<interceptor-ref name="auth" />
		</action>

		<action name="testAction">
			<result>/WEB-INF/admin/test.jsp</result>
		</action>

		<action name="uploadOneFile" class="cn.e307.mvc.action.UploadAction"
			method="uploadOneFile">
			<interceptor-ref name="fileUpload">
				<!-- 文件类型限制 -->
				<param name="allowedTypes">
					image/png,image/gif,image/jpeg
				</param>
				<!-- 最大上传限制1M -->
				<param name="maximumSize">1048576</param>
			</interceptor-ref>
			<!-- 框架默认的拦截器栈要加回来 -->
			<interceptor-ref name="defaultStack"></interceptor-ref>
			<!-- Action中的外部注入参数，表示上传文件的文件夹 -->
			<param name="savePath">/upload</param>
			<result name="success">/upload_success.jsp</result>
			<result name="input">/upload.jsp</result>
		</action>

		<action name="arraysDataTransfer" class="cn.e307.mvc.action.ArraysDataTransfer">
			<result name="success">success.jsp</result>
			<result name="input">/index.jsp</result>
		</action>

		<action name="ognlAction" class="cn.e307.mvc.action.ShowOgnlAction">
			<result>/ognlTest.jsp</result>
		</action>

		<action name="register" class="cn.e307.mvc.action.RegisterAction">
			<result name="success">success.jsp</result>
			<result name="input">register2.jsp</result>
		</action>

		<action name="language" class="cn.e307.mvc.action.LanguageAction">
			<result>register2.jsp</result>
		</action>

		<action name="showJavaBeanAction" class="cn.jbit.action.ShowOriginalAndJavaBeanAction">
			<result>/result.jsp</result>
		</action>
	</package>
	
	<package name="my_default2" extends="struts-default" namespace="list">
		<action name="listUsers" ><!-- ActionSuport -->
			<result name="success">list.jsp</result>
		</action>
	</package>
</struts>    
