<?xml version="1.0" encoding="utf-8"?>
<!DOCTYPE hibernate-mapping PUBLIC "-//Hibernate/Hibernate Mapping DTD 3.0//EN"
"http://hibernate.sourceforge.net/hibernate-mapping-3.0.dtd">
<!-- 
    Mapping file autogenerated by MyEclipse Persistence Tools
-->
<hibernate-mapping>
    <class name="cn.e307.hiber.entity.Employ" table="EMPLOY" schema="JBIT">
        <id name="employeeid" type="java.lang.Integer">
            <column name="EMPLOYEEID" precision="22" scale="0" />
            <generator class="sequence">
            	<param name="sequence">seq_id</param>
            </generator>
        </id>
        <property name="employeename" type="java.lang.String">
            <column name="EMPLOYEENAME" length="50" not-null="true" />
        </property>
        <property name="employeedesc" type="java.lang.String">
            <column name="EMPLOYEEDESC" length="300" />
        </property>
        <set name="projects" inverse="true" table="R_EMP_PROJ" schema="JBIT">
            <key>
                <column name="R_EMP_ID" precision="22" scale="0" not-null="true" />
            </key>
            <many-to-many entity-name="cn.e307.hiber.entity.Project">
                <column name="R_PROJ_ID" precision="22" scale="0" not-null="true" />
            </many-to-many>
        </set>
    </class>
</hibernate-mapping>
