<?xml version="1.0" encoding="utf-8"?>
<!DOCTYPE hibernate-mapping PUBLIC "-//Hibernate/Hibernate Mapping DTD 3.0//EN"
"http://hibernate.sourceforge.net/hibernate-mapping-3.0.dtd">
<!-- 
    Mapping file autogenerated by MyEclipse Persistence Tools
-->
<hibernate-mapping>
    <class name="cn.e307.hiber.entity.Project" table="PROJECT" schema="JBIT">
        <id name="projectid" type="java.lang.Integer">
            <column name="PROJECTID" precision="22" scale="0" />
            <generator class="sequence">
            	<param name="sequence">seq_id</param>
            </generator>
        </id>
        <property name="projectname" type="java.lang.String">
            <column name="PROJECTNAME" length="100" not-null="true" />
        </property>
        <property name="projectdesc" type="java.lang.String">
            <column name="PROJECTDESC" length="500" not-null="true" />
        </property>
        <set name="emploies" table="R_EMP_PROJ" schema="JBIT">
            <key>
                <column name="R_PROJ_ID" precision="22" scale="0" not-null="true" />
            </key>
            <many-to-many entity-name="cn.e307.hiber.entity.Employ">
                <column name="R_EMP_ID" precision="22" scale="0" not-null="true" />
            </many-to-many>
        </set>
    </class>
</hibernate-mapping>
