<?xml version="1.0" encoding="utf-8"?>
<!DOCTYPE hibernate-mapping PUBLIC "-//Hibernate/Hibernate Mapping DTD 3.0//EN"
"http://hibernate.sourceforge.net/hibernate-mapping-3.0.dtd">
<hibernate-mapping>
    <class name="org.newboy.entity.Dept" table="DEPT" schema="SCOTT">
        <id name="deptno" type="java.lang.Integer">
            <column name="DEPTNO" precision="2" scale="0" />
            <generator class="assigned" />
        </id>
        <property name="dname" type="java.lang.String">
            <column name="DNAME" length="14" />
        </property>
        <property name="loc" type="java.lang.String">
            <column name="LOC" length="13" />
        </property>
        <set name="emps" inverse="true">
            <key>
                <column name="DEPTNO" precision="2" scale="0" />
            </key>
            <one-to-many class="org.newboy.entity.Emp" />
        </set>
    </class>
</hibernate-mapping>
