<?xml version="1.0" encoding="utf-8"?>
<!DOCTYPE hibernate-mapping PUBLIC "-//Hibernate/Hibernate Mapping DTD 3.0//EN"
"http://hibernate.sourceforge.net/hibernate-mapping-3.0.dtd">
<!-- 
    Mapping file autogenerated by MyEclipse Persistence Tools
-->
<hibernate-mapping>
    <class name="cn.e307.hiber.bean.Dept" table="DEPT" schema="JBIT">
        <id name="deptno" type="java.lang.Short" >
            <column name="DEPTNO" precision="3" scale="0" />
            <generator class="assigned"></generator>
        </id>
        <property name="dname" type="java.lang.String">
            <column name="DNAME" length="510" />
        </property>
        <property name="loc" type="java.lang.String">
            <column name="LOC" length="510" />
        </property>
        <set name="emps" inverse="true">
            <key>
                <column name="DEPTNO" precision="3" scale="0" />
            </key>
            <one-to-many class="cn.e307.hiber.bean.Emp" />
        </set>
    </class>

</hibernate-mapping>
